"","BV/TV","CAT"
"BV/TV",1,-0.0939059476771054
"CAT",-0.0939059476771054,1
