"","Tb.Sp","CAT"
"Tb.Sp",1,-0.883449866515029
"CAT",-0.883449866515029,1
